text,emotion
I am so happy today,joy
This is the best day of my life,joy
I feel excited about the new opportunity,joy
Your message made me smile,joy
I am proud of what I achieved,joy
Everything feels bright and wonderful,joy
I feel grateful for my friends,joy
I cannot stop laughing,joy
I woke up feeling cheerful and hopeful,joy
The celebration made everyone joyful,joy
I am thrilled with the result,joy
This gift made my day wonderful,joy
I feel optimistic about the future,joy
The good news filled me with happiness,joy
I enjoyed every moment of the trip,joy
Winning the prize felt amazing,joy
I feel peaceful and content right now,joy
My heart feels light and happy,joy
I am delighted by your kind words,joy
This success makes me feel confident,joy
The team achievement made me proud,joy
I feel blessed and thankful today,joy
The morning started with a bright mood,joy
I am smiling because everything went well,joy
I feel energetic and ready to begin,joy
The surprise party was fun and joyful,joy
I had a great time with my friends,joy
This achievement brings me pure happiness,joy
My exam result made me very happy,joy
I feel cheerful after hearing that song,joy
The weekend plan makes me excited,joy
I am pleased with the progress,joy
I feel calm satisfied and joyful,joy
The music lifted my mood,joy
I feel satisfied after completing the task,joy
I am glad things worked out,joy
The compliment made me feel happy,joy
I feel relaxed and joyful after the walk,joy
I feel hopeful about tomorrow,joy
I feel joyful after meeting my friends,joy
I love spending time with my family,love
You mean so much to me,love
I care deeply about you,love
My heart feels full of affection,love
I feel close and connected to them,love
Thank you for always supporting me,love
I adore this beautiful moment,love
This friendship is very special to me,love
I feel loved and appreciated,love
Your kindness makes me feel warm inside,love
I cherish every memory with you,love
I trust you and feel safe with you,love
My affection for you keeps growing,love
I feel a deep bond with my partner,love
Your support means everything to me,love
I admire your patience and care,love
I feel tenderness when I think of home,love
Being with you feels comforting,love
I am grateful for your love,love
This relationship makes me feel valued,love
I miss your hugs and gentle words,love
I feel connected to my closest friends,love
Your message made me feel cared for,love
I appreciate how much you understand me,love
I feel devoted to the people I love,love
My family gives me warmth and belonging,love
I feel compassion for what they are facing,love
Their love gives me strength,love
I feel adored and respected,love
I want to protect and support you,love
Your presence makes me feel loved,love
I feel affection whenever we talk,love
I treasure our time together,love
I feel loyal to my best friend,love
Your smile makes me feel loved,love
I feel close to my family tonight,love
I value our bond more every day,love
I feel safe because you care,love
I admire the person you are,love
I feel love when we support each other,love
I feel sad and lonely,sadness
I miss my old friends,sadness
Today has been painful and difficult,sadness
I feel disappointed by the result,sadness
My heart feels heavy,sadness
I cried because I felt broken,sadness
I feel empty and tired,sadness
The news made me miserable,sadness
I am grieving a painful loss,sadness
Nothing feels meaningful today,sadness
I feel hopeless about this situation,sadness
I am upset that things changed,sadness
The silence makes me feel alone,sadness
I feel rejected and unwanted,sadness
It hurts to remember that day,sadness
I am exhausted from feeling down,sadness
The failure made me feel worthless,sadness
I feel blue and unmotivated,sadness
I cannot stop thinking about the loss,sadness
My mood is low and gloomy,sadness
I feel sorrow after hearing the story,sadness
The goodbye was painful and sad,sadness
I feel discouraged by repeated failure,sadness
I am disappointed in myself today,sadness
I feel heartbroken after the argument,sadness
The empty room makes me miss them,sadness
I feel helpless and close to tears,sadness
The memory brings sadness back,sadness
I feel abandoned by everyone,sadness
The rainy day matches my sad mood,sadness
I am hurting more than I expected,sadness
I feel regret and sadness tonight,sadness
I feel tired of pretending I am fine,sadness
I feel lonely even in a crowd,sadness
The bad result made me feel low,sadness
I feel sorrowful after that message,sadness
I am unhappy with how things ended,sadness
My chest feels heavy with sadness,sadness
I feel down after the argument,sadness
I am disappointed that nobody came,sadness
I am angry about what happened,anger
This is unfair and frustrating,anger
I hate being ignored,anger
The service was terrible and rude,anger
I am furious with this mistake,anger
That comment really annoyed me,anger
I feel irritated by the delay,anger
This behavior is completely unacceptable,anger
I am mad that nobody listened,anger
The insult made me lose my temper,anger
I feel outraged by the decision,anger
Their lies made me furious,anger
I cannot stand this disrespect,anger
The constant noise is annoying me,anger
I feel bitter about being treated badly,anger
This argument made me angry,anger
I am frustrated with the broken system,anger
The unfair rule makes me rage,anger
I feel offended by that rude reply,anger
I am tired of these careless mistakes,anger
The delay made me extremely irritated,anger
I feel hostile after that insult,anger
This cheating makes me furious,anger
I resent being blamed for everything,anger
I am annoyed because the plan failed,anger
That careless action made me angry,anger
The rude behavior spoiled my mood,anger
I feel provoked by their attitude,anger
I am angry that my work was ignored,anger
The broken promise made me furious,anger
I feel irritated when people interrupt me,anger
This unfair treatment makes me mad,anger
I am fed up with the excuses,anger
The careless reply made me angry,anger
I feel annoyed by repeated delays,anger
I am upset and furious about the mistake,anger
The rude answer made me frustrated,anger
I feel angry when people lie,anger
This broken rule makes me mad,anger
I am irritated by the constant complaints,anger
I am scared about the exam,fear
I feel nervous before the interview,fear
I am worried something bad will happen,fear
The dark room made me afraid,fear
I feel anxious and unsafe,fear
This risk makes me panic,fear
I am terrified of failing,fear
I cannot stop worrying tonight,fear
My hands shake when I think about it,fear
I feel frightened by the loud sound,fear
The uncertainty makes me anxious,fear
I am afraid of making a mistake,fear
This situation feels dangerous,fear
I worry that I will disappoint everyone,fear
The thought of losing scares me,fear
I feel tense and uneasy,fear
I panicked when the alarm rang,fear
The threat made me feel unsafe,fear
I am nervous about speaking in public,fear
I feel dread before the results arrive,fear
I worry about the future too much,fear
The strange footsteps scared me,fear
I feel insecure about this choice,fear
My fear keeps me awake at night,fear
I am anxious about traveling alone,fear
The warning message made me panic,fear
I feel vulnerable in this place,fear
I am terrified by the possibility of failure,fear
The exam hall makes me nervous,fear
I feel scared when plans are uncertain,fear
I am afraid the project will fail,fear
The storm outside makes me uneasy,fear
I feel worried about my health,fear
I am frightened by the sudden noise,fear
I feel nervous waiting for the call,fear
I worry that I made the wrong choice,fear
The dangerous road made me afraid,fear
I feel anxious before the presentation,fear
I am scared of being alone tonight,fear
I feel panic when I cannot breathe,fear
Wow I did not expect that,surprise
That news shocked me,surprise
I am surprised by the result,surprise
This happened so suddenly,surprise
I cannot believe what I just heard,surprise
That was an unexpected twist,surprise
I was amazed by the announcement,surprise
What a strange surprise,surprise
The sudden change caught me off guard,surprise
I was stunned by the message,surprise
The result was completely unexpected,surprise
I gasped when I saw the score,surprise
I am amazed that this happened,surprise
The ending shocked everyone,surprise
I never imagined this outcome,surprise
That reveal left me speechless,surprise
I was startled by the loud knock,surprise
The news came out of nowhere,surprise
I am astonished by this discovery,surprise
The announcement surprised the whole room,surprise
I did not see that coming,surprise
The sudden win amazed us,surprise
I was shocked by the quick response,surprise
That unexpected call surprised me,surprise
The twist in the story was surprising,surprise
I feel amazed by the magic trick,surprise
The sudden visitor startled me,surprise
The result was a real surprise,surprise
The sudden alarm shocked me,surprise
I was amazed by the hidden talent,surprise
The unexpected gift surprised me,surprise
I felt startled by the announcement,surprise
The quick decision shocked the team,surprise
The sudden message surprised everyone,surprise
I was shocked to see the final score,surprise
I am surprised by how fast it happened,surprise
The discovery amazed the class,surprise
The reveal was completely surprising,surprise
I felt stunned after reading the letter,surprise
The unexpected visitor amazed us,surprise
